499990,0x0c80a523b20b20a7b4b8116a13f40a97bc46b8d7adc688c0d5af40f3287f62e9,0x5d4edb2e4fae66f6627bd9d8fd3afc40e6ef3515991369b6620a129e898b5062,0x7b452a3ad19f4620,0x1dcc4de8dec75d7aab85b567b6ccd41ad312451b948a7413f0a142fd40d49347,0x00000000000000000000000001000000000000000000000000000000000000000000000000000000000000000000000000000000000200000000000000000000000000000000000000000000000000000000000000000000000000000000000000100000000000000000000000000000000000000000000000000000000000000000000000000000000000000000000000000000000000000000000000000000000000000000000000001000000000000001000000000000000000000000000000000000000000000000000000000000000000000000000000000000000000000000000000000001000000000000000000000000000000000000000000000000,0xc11ee2eba07de851effa2ea936c6c099563b49b315c91e547ee146b4c2b83169,0xcdee78e20324b59a596db28ffbcbbc3e42585866872964bc980221ff266306dd,0x7cd87bbfa3a1ffa53dbb9d2af7a2fdf2546ae9feb7cb003f3de1f44ef4e80b91,0x52bc44d5378309ee2abf1539bf71de1b7d7be3b5,7545198122526,2693852923361655829,783,0xd783010301844765746887676f312e342e32856c696e7578,3141592,79205,1446832649,1,
499991,0x79fba24140ac48c4b680b804810a121cf60ace6b33a2cac7a17d1cafaec53ce4,0x0c80a523b20b20a7b4b8116a13f40a97bc46b8d7adc688c0d5af40f3287f62e9,0x2e3aeed9d719ebd5,0x1dcc4de8dec75d7aab85b567b6ccd41ad312451b948a7413f0a142fd40d49347,0x00000000000000000000000000000000000000000000000000000000000000000000000000000000000000000000000000000000000000000000000000000000000000000000000000000000000000000000000000000000000000000000000000000000000000000000000000000000000000000000000000000000000000000000000000000000000000000000000000000000000000000000000000000000000000000000000000000000000000000000000000000000000000000000000000000000000000000000000000000000000000000000000000000000000000000000000000000000000000000000000000000000000000000000000000000000,0x56e81f171bcc55a6ff8345e692c0f86e5b48e01b996cadc001622fb5e363b421,0x441cdadb0089da7fbe5dbe816b43c7c174f3feb40be13780d27059fa2b0b2440,0x56e81f171bcc55a6ff8345e692c0f86e5b48e01b996cadc001622fb5e363b421,0x52bc44d5378309ee2abf1539bf71de1b7d7be3b5,7541513943760,2693860464875599589,541,0xd783010301844765746887676f312e342e32856c696e7578,3141592,0,1446832709,0,
499992,0x458b43567d50f711a06ab49a0c5ffb967eb3070ce784ef3d94df562be0bf3279,0x79fba24140ac48c4b680b804810a121cf60ace6b33a2cac7a17d1cafaec53ce4,0x9acfed2f6b10e6bc,0x1dcc4de8dec75d7aab85b567b6ccd41ad312451b948a7413f0a142fd40d49347,0x00000000000000000000000000000000000000000000000000000000000000000000000000000000000000000000000000000000000000000000000000000000000000000000000000000000000000000000000000000000000000000000000000000000000000000000000000000000000000000000000000000000000000000000000000000000000000000000000000000000000000000000000000000000000000000000000000000000000000000000000000000000000000000000000000000000000000000000000000000000000000000000000000000000000000000000000000000000000000000000000000000000000000000000000000000000,0x3abb17a01df99dd0b021aedd8c3e8ac31df99074a21a21d87c78230c630c7f7c,0x2ee4ce598af613beb1d1e090fb90e4a36b58dc34cecf7ea7fbfb0346f4b32afb,0x7daf6086bea1891118739a45f458a3d9516621d12cd73ff4659b38363c3d8ce6,0x52bc44d5378309ee2abf1539bf71de1b7d7be3b5,7537831563909,2693868002707163498,768,0xd783010301844765746887676f312e342e32856c696e7578,3141592,42000,1446832751,2,
499993,0x8d80b1970fa7a10c7c8ed03b0efb0b4fa63bac6c5922e1decda91cb4023a5c70,0x458b43567d50f711a06ab49a0c5ffb967eb3070ce784ef3d94df562be0bf3279,0xf03a8b3554152b7f,0x1dcc4de8dec75d7aab85b567b6ccd41ad312451b948a7413f0a142fd40d49347,0x00000000000000000000000000000000000000000000000000000000000000000000000000000000000000000000000000000000000000000000000000000000000000000000000000000000000000000000000000000000000000000000000000000000000000000000000000000000000000000000000000000000000000000000000000000000000000000000000000000000000000000000000000000000000000000000000000000000000000000000000000000000000000000000000000000000000000000000000000000000000000000000000000000000000000000000000000000000000000000000000000000000000000000000000000000000,0x56e81f171bcc55a6ff8345e692c0f86e5b48e01b996cadc001622fb5e363b421,0x052cef5899fd2c43b5945340653eac75dadb805bca6a4bb40d7f3ced58cbebb3,0x56e81f171bcc55a6ff8345e692c0f86e5b48e01b996cadc001622fb5e363b421,0x52bc44d5378309ee2abf1539bf71de1b7d7be3b5,7541512145731,2693875544219309229,541,0xd783010301844765746887676f312e342e32856c696e7578,3141592,0,1446832757,0,
499994,0x76b35b31901758acf2d6b81aae356cfc70283c6623a4b70aa2c5ca9f3805ece8,0x8d80b1970fa7a10c7c8ed03b0efb0b4fa63bac6c5922e1decda91cb4023a5c70,0x0d8a588332685bfb,0x1dcc4de8dec75d7aab85b567b6ccd41ad312451b948a7413f0a142fd40d49347,0x00000000000000000000000000000000000000000000000000000000000000000000000000000000000000000000000000000000000000000000000000000000000000000000000000000000000000000000000000000000000000000000000000000000000000000000000000000000000000000000000000000000000000000000000000000000000000000000000000000000000000000000000000000000000000000000000000000000000000000000000000000000000000000000000000000000000000000000000000000000000000000000000000000000000000000000000000000000000000000000000000000000000000000000000000000000,0x56e81f171bcc55a6ff8345e692c0f86e5b48e01b996cadc001622fb5e363b421,0x9ca162ac33604ea7f2f694a90f73f5cfefafac32fd7f1731db8c36fc59f2b8e2,0x56e81f171bcc55a6ff8345e692c0f86e5b48e01b996cadc001622fb5e363b421,0x2a65aca4d5fc5b5c859090a6c34d164135398226,7545194524712,2693883089413833941,541,0xd783010301844765746887676f312e352e31856c696e7578,3141592,0,1446832768,0,
499995,0x361498db09bd2c45f234c70fc35b6c41ab15f6de65263d9b3e6905821be3c066,0x76b35b31901758acf2d6b81aae356cfc70283c6623a4b70aa2c5ca9f3805ece8,0x20f44560b28f5495,0x1dcc4de8dec75d7aab85b567b6ccd41ad312451b948a7413f0a142fd40d49347,0x00000000000000000000000001000000000000000000000000000000000000000000000000000000000000000000000000000000000200000000000000000000000000000000000000000000000000000000000000000000000000000000000000100000000000000000000000000000000000000000000000000000000000000000000000000000000000000000000000000000000000000000000000000000000000000000000000001000000000000001000000000000000000000000000000000000000000000000000000000000000000000000000000000000000000000000000000000001000000000000000000000000000000000000000000000000,0x382cae3ae1f8557eb2f13b2b51607f5502f4309044a1f3fdc193185551866ab1,0x038fc97331b0a11d1ccef3969fb006d0213cc9d775ae8d2c00a255dbcbb8dc97,0xc92ef15db0c77533a22c380fd7d57f8607a478a476b348599c1df3d97709bf83,0x95581ea0c5b362933f3523138f54d51eae817211,7541510347702,2693890630924181643,897,0xd783010301844765746887676f312e352e31856c696e7578,3141592,100205,1446832790,2,
499996,0x7128b91ff62507aeae562c4bc7dbffa0bdd6a6e0d3bcf73494c57511997269dc,0x361498db09bd2c45f234c70fc35b6c41ab15f6de65263d9b3e6905821be3c066,0x46228cb4ba4494fe,0x1dcc4de8dec75d7aab85b567b6ccd41ad312451b948a7413f0a142fd40d49347,0x00000000000000000000000000000000000000000000000000000000000000000000000000000000000000000000000000000000000000000000000000000000000000000000000000000000000000000000000000000000000000000000000000000000000000000000000000000000000000000000000000000000000000000000000000000000000000000000000000000000000000000000000000000000000000000000000000000000000000000000000000000000000000000000000000000000000000000000000000000000000000000000000000000000000000000000000000000000000000000000000000000000000000000000000000000000,0x33516be4bda4172c57c641f9e3fe5927e17cab3b071a9cd78dc1a4365e3c489d,0x217c8bc239ef9f3ba8e3e7396452dc87c5797977e0da78ae02c62f67b6ae2f47,0xc40bd0074b880939e94f90d5f9e56bfbf8481a053dd67692909c58a58f06250b,0x2a65aca4d5fc5b5c859090a6c34d164135398226,7537827969607,2693898168752151250,685,0xd783010301844765746887676f312e352e31856c696e7578,3141592,50091,1446832829,1,
499997,0xdd9071b9349020aed219a4961d48e65deb7b5ae01d70dc2b9f74b6e1445bbf15,0x7128b91ff62507aeae562c4bc7dbffa0bdd6a6e0d3bcf73494c57511997269dc,0x492cf52447a1a44c,0x1dcc4de8dec75d7aab85b567b6ccd41ad312451b948a7413f0a142fd40d49347,0x00000000000000000000000000000000000000000000000000000000000000000000000000000000000000000000000000000000000000000000000000000000000000000000000000000000000000000000000000000000000000000000000000000000000000000000000000000000000000000000000000000000000000000000000000000000000000000000000000000000000000000000000000000000000000000000000000000000000000000000000000000000000000000000000000000000000000000000000000000000000000000000000000000000000000000000000000000000000000000000000000000000000000000000000000000000,0x7f0772988f2836a5ecd9717e642e78ad8bf06e323b0cdbae1ffe4489b468c787,0x9bef57c41708f1350a776d226dcc353a9be85e69e6209563a28a92549335c5d1,0x207cbdfadd92db20a7f5b6a0f1236968100d2193ec7396507cf8dc43048d787b,0x2a65aca4d5fc5b5c859090a6c34d164135398226,7541508549674,2693905710260700924,685,0xd783010301844765746887676f312e352e31856c696e7578,3141592,42447,1446832835,1,
499998,0x18f9c888eed1f0b050052aa847dd8fd3962c3d4349ffa0059b1977fa3667342a,0xdd9071b9349020aed219a4961d48e65deb7b5ae01d70dc2b9f74b6e1445bbf15,0x343c5103fa927ed2,0x1dcc4de8dec75d7aab85b567b6ccd41ad312451b948a7413f0a142fd40d49347,0x00000000000000000000000000000000000000000000000000000000000000000000000000000000000000000000000000000000000000000000000000000000000000000000000000000000000000000000000000000000000000000000000000000000000000000000000000000000000000000000000000000000000000000000000000000000000000000000000000000000000000000000000000000000000000000000000000000000000000000000000000000000000000000000000000000000000000000000000000000000000000000000000000000000000000000000000000000000000000000000000000000000000000000000000000000000,0x80ed9826779ac15ceefba5e26d6788e33b4a8674fc1aa667d25989b3d964f654,0xafefee25ba7b1be904b9d23696bfe5a21b336bf5cc030a48b14b9639d7a05e9e,0xfac86634d12cb0b9a99c6a11acbda9a3db364eaa7baa9c3185f7150db7d63e9b,0x2a65aca4d5fc5b5c859090a6c34d164135398226,7537826172457,2693913248086873381,659,0xd783010301844765746887676f312e352e31856c696e7578,3141592,22642,1446832858,1,
499999,0x794a1bef434928ce3aadd2f5eced2bf72ac714a30e9e4ab5965d7d9760300d84,0x18f9c888eed1f0b050052aa847dd8fd3962c3d4349ffa0059b1977fa3667342a,0xe7ff3fe0cd3ac07b,0x5a996aa4b940ff2893c07f98bd687f24e921d838a858d670d15aa189685fa131,0x00000000000000000000000000000000000000000000000000000000000000000000000000000000000000000000000000000000000000000000000000000000000000000000000000000000000000000000000000000000000000000000000000000000000000000000000000000000000000000000000000000000000000000000000000000000000000000000000000000000000000000000000000000000000000000000000000000000000000000000000000000000000000000000000000000000000000000000000000000000000000000000000000000000000000000000000000000000000000000000000000000000000000000000000000000000,0x56e81f171bcc55a6ff8345e692c0f86e5b48e01b996cadc001622fb5e363b421,0xce71e3f2f4edbb2c02b0bb1612f54c131b9bb1ad768aacf96afc2701d50062b1,0x56e81f171bcc55a6ff8345e692c0f86e5b48e01b996cadc001622fb5e363b421,0x52bc44d5378309ee2abf1539bf71de1b7d7be3b5,7541506751646,2693920789593625027,1079,0xd783010301844765746887676f312e342e32856c696e7578,3141592,0,1446832862,0,
