0x4bd5f0ee173c81d42765154865ee69361b6ad189,
0x60606040523615610055576000357c0100000000000000000000000000000000000000000000000000000000900463ffffffff168063661172761461014857806382c90ac01461017e578063b76ea962146101b4575b6101465b600060009054906101000a900473ffffffffffffffffffffffffffffffffffffffff1673ffffffffffffffffffffffffffffffffffffffff163460405180905060006040518083038185876187965a03f1925050501561013d577f23919512b2162ddc59b67a65e3b03c419d4105366f7d4a632f5d3c3bee9b1cff600060009054906101000a900473ffffffffffffffffffffffffffffffffffffffff16604051808273ffffffffffffffffffffffffffffffffffffffff1673ffffffffffffffffffffffffffffffffffffffff16815260200191505060405180910390a1610143565b60006000fd5b5b565b005b341561015057fe5b61017c600480803573ffffffffffffffffffffffffffffffffffffffff16906020019091905050610225565b005b341561018657fe5b6101b2600480803573ffffffffffffffffffffffffffffffffffffffff169060200190919050506102c8565b005b610223600480803573ffffffffffffffffffffffffffffffffffffffff1690602001909190803590602001908201803590602001908080601f0160208091040260200160405190810160405280939291908181526020018383808284378201915050505050509190505061036b565b005b600160009054906101000a900473ffffffffffffffffffffffffffffffffffffffff1673ffffffffffffffffffffffffffffffffffffffff163373ffffffffffffffffffffffffffffffffffffffff161415156102825760006000fd5b80600160006101000a81548173ffffffffffffffffffffffffffffffffffffffff021916908373ffffffffffffffffffffffffffffffffffffffff1602179055505b5b50565b600160009054906101000a900473ffffffffffffffffffffffffffffffffffffffff1673ffffffffffffffffffffffffffffffffffffffff163373ffffffffffffffffffffffffffffffffffffffff161415156103255760006000fd5b80600060006101000a81548173ffffffffffffffffffffffffffffffffffffffff021916908373ffffffffffffffffffffffffffffffffffffffff1602179055505b5b50565b600160009054906101000a900473ffffffffffffffffffffffffffffffffffffffff1673ffffffffffffffffffffffffffffffffffffffff163373ffffffffffffffffffffffffffffffffffffffff161415156103c85760006000fd5b8173ffffffffffffffffffffffffffffffffffffffff1634826040518082805190602001908083836000831461041d575b80518252602083111561041d576020820191506020810190506020830392506103f9565b505050905090810190601f1680156104495780820380516001836020036101000a031916815260200191505b5091505060006040518083038185876187965a03f192505050151561046e5760006000fd5b5b5b50505600a165627a7a7230582015dd8a30edc4d2b88e51c1e252cdc5a08cd0159c2d5d7b063fdaad85d6e813e40029,"0x66117276,0x82c90ac0,0xb76ea962,0xffffffff",FALSE,FALSE


0xd1ff43950d5a8a3791f5a161e407e1b30fc38c67,0x60606040523615610055576000357c0100000000000000000000000000000000000000000000000000000000900463ffffffff168063661172761461014857806382c90ac01461017e578063b76ea962146101b4575b6101465b600060009054906101000a900473ffffffffffffffffffffffffffffffffffffffff1673ffffffffffffffffffffffffffffffffffffffff163460405180905060006040518083038185876187965a03f1925050501561013d577f23919512b2162ddc59b67a65e3b03c419d4105366f7d4a632f5d3c3bee9b1cff600060009054906101000a900473ffffffffffffffffffffffffffffffffffffffff16604051808273ffffffffffffffffffffffffffffffffffffffff1673ffffffffffffffffffffffffffffffffffffffff16815260200191505060405180910390a1610143565b60006000fd5b5b565b005b341561015057fe5b61017c600480803573ffffffffffffffffffffffffffffffffffffffff16906020019091905050610225565b005b341561018657fe5b6101b2600480803573ffffffffffffffffffffffffffffffffffffffff169060200190919050506102c8565b005b610223600480803573ffffffffffffffffffffffffffffffffffffffff1690602001909190803590602001908201803590602001908080601f0160208091040260200160405190810160405280939291908181526020018383808284378201915050505050509190505061036b565b005b600160009054906101000a900473ffffffffffffffffffffffffffffffffffffffff1673ffffffffffffffffffffffffffffffffffffffff163373ffffffffffffffffffffffffffffffffffffffff161415156102825760006000fd5b80600160006101000a81548173ffffffffffffffffffffffffffffffffffffffff021916908373ffffffffffffffffffffffffffffffffffffffff1602179055505b5b50565b600160009054906101000a900473ffffffffffffffffffffffffffffffffffffffff1673ffffffffffffffffffffffffffffffffffffffff163373ffffffffffffffffffffffffffffffffffffffff161415156103255760006000fd5b80600060006101000a81548173ffffffffffffffffffffffffffffffffffffffff021916908373ffffffffffffffffffffffffffffffffffffffff1602179055505b5b50565b600160009054906101000a900473ffffffffffffffffffffffffffffffffffffffff1673ffffffffffffffffffffffffffffffffffffffff163373ffffffffffffffffffffffffffffffffffffffff161415156103c85760006000fd5b8173ffffffffffffffffffffffffffffffffffffffff1634826040518082805190602001908083836000831461041d575b80518252602083111561041d576020820191506020810190506020830392506103f9565b505050905090810190601f1680156104495780820380516001836020036101000a031916815260200191505b5091505060006040518083038185876187965a03f192505050151561046e5760006000fd5b5b5b50505600a165627a7a7230582015dd8a30edc4d2b88e51c1e252cdc5a08cd0159c2d5d7b063fdaad85d6e813e40029,"0x66117276,0x82c90ac0,0xb76ea962,0xffffffff",FALSE,FALSE


0xf120bfa945712b406e822cc559ef95586229f852,0x60606040523615610055576000357c0100000000000000000000000000000000000000000000000000000000900463ffffffff168063661172761461014857806382c90ac01461017e578063b76ea962146101b4575b6101465b600060009054906101000a900473ffffffffffffffffffffffffffffffffffffffff1673ffffffffffffffffffffffffffffffffffffffff163460405180905060006040518083038185876187965a03f1925050501561013d577f23919512b2162ddc59b67a65e3b03c419d4105366f7d4a632f5d3c3bee9b1cff600060009054906101000a900473ffffffffffffffffffffffffffffffffffffffff16604051808273ffffffffffffffffffffffffffffffffffffffff1673ffffffffffffffffffffffffffffffffffffffff16815260200191505060405180910390a1610143565b60006000fd5b5b565b005b341561015057fe5b61017c600480803573ffffffffffffffffffffffffffffffffffffffff16906020019091905050610225565b005b341561018657fe5b6101b2600480803573ffffffffffffffffffffffffffffffffffffffff169060200190919050506102c8565b005b610223600480803573ffffffffffffffffffffffffffffffffffffffff1690602001909190803590602001908201803590602001908080601f0160208091040260200160405190810160405280939291908181526020018383808284378201915050505050509190505061036b565b005b600160009054906101000a900473ffffffffffffffffffffffffffffffffffffffff1673ffffffffffffffffffffffffffffffffffffffff163373ffffffffffffffffffffffffffffffffffffffff161415156102825760006000fd5b80600160006101000a81548173ffffffffffffffffffffffffffffffffffffffff021916908373ffffffffffffffffffffffffffffffffffffffff1602179055505b5b50565b600160009054906101000a900473ffffffffffffffffffffffffffffffffffffffff1673ffffffffffffffffffffffffffffffffffffffff163373ffffffffffffffffffffffffffffffffffffffff161415156103255760006000fd5b80600060006101000a81548173ffffffffffffffffffffffffffffffffffffffff021916908373ffffffffffffffffffffffffffffffffffffffff1602179055505b5b50565b600160009054906101000a900473ffffffffffffffffffffffffffffffffffffffff1673ffffffffffffffffffffffffffffffffffffffff163373ffffffffffffffffffffffffffffffffffffffff161415156103c85760006000fd5b8173ffffffffffffffffffffffffffffffffffffffff1634826040518082805190602001908083836000831461041d575b80518252602083111561041d576020820191506020810190506020830392506103f9565b505050905090810190601f1680156104495780820380516001836020036101000a031916815260200191505b5091505060006040518083038185876187965a03f192505050151561046e5760006000fd5b5b5b50505600a165627a7a7230582015dd8a30edc4d2b88e51c1e252cdc5a08cd0159c2d5d7b063fdaad85d6e813e40029,"0x66117276,0x82c90ac0,0xb76ea962,0xffffffff",FALSE,FALSE


0xc1950ac34e6f27625f94c930c0397223c3f34c5e,0x60606040523615610055576000357c0100000000000000000000000000000000000000000000000000000000900463ffffffff168063661172761461014857806382c90ac01461017e578063b76ea962146101b4575b6101465b600060009054906101000a900473ffffffffffffffffffffffffffffffffffffffff1673ffffffffffffffffffffffffffffffffffffffff163460405180905060006040518083038185876187965a03f1925050501561013d577f23919512b2162ddc59b67a65e3b03c419d4105366f7d4a632f5d3c3bee9b1cff600060009054906101000a900473ffffffffffffffffffffffffffffffffffffffff16604051808273ffffffffffffffffffffffffffffffffffffffff1673ffffffffffffffffffffffffffffffffffffffff16815260200191505060405180910390a1610143565b60006000fd5b5b565b005b341561015057fe5b61017c600480803573ffffffffffffffffffffffffffffffffffffffff16906020019091905050610225565b005b341561018657fe5b6101b2600480803573ffffffffffffffffffffffffffffffffffffffff169060200190919050506102c8565b005b610223600480803573ffffffffffffffffffffffffffffffffffffffff1690602001909190803590602001908201803590602001908080601f0160208091040260200160405190810160405280939291908181526020018383808284378201915050505050509190505061036b565b005b600160009054906101000a900473ffffffffffffffffffffffffffffffffffffffff1673ffffffffffffffffffffffffffffffffffffffff163373ffffffffffffffffffffffffffffffffffffffff161415156102825760006000fd5b80600160006101000a81548173ffffffffffffffffffffffffffffffffffffffff021916908373ffffffffffffffffffffffffffffffffffffffff1602179055505b5b50565b600160009054906101000a900473ffffffffffffffffffffffffffffffffffffffff1673ffffffffffffffffffffffffffffffffffffffff163373ffffffffffffffffffffffffffffffffffffffff161415156103255760006000fd5b80600060006101000a81548173ffffffffffffffffffffffffffffffffffffffff021916908373ffffffffffffffffffffffffffffffffffffffff1602179055505b5b50565b600160009054906101000a900473ffffffffffffffffffffffffffffffffffffffff1673ffffffffffffffffffffffffffffffffffffffff163373ffffffffffffffffffffffffffffffffffffffff161415156103c85760006000fd5b8173ffffffffffffffffffffffffffffffffffffffff1634826040518082805190602001908083836000831461041d575b80518252602083111561041d576020820191506020810190506020830392506103f9565b505050905090810190601f1680156104495780820380516001836020036101000a031916815260200191505b5091505060006040518083038185876187965a03f192505050151561046e5760006000fd5b5b5b50505600a165627a7a7230582015dd8a30edc4d2b88e51c1e252cdc5a08cd0159c2d5d7b063fdaad85d6e813e40029,"0x66117276,0x82c90ac0,0xb76ea962,0xffffffff",FALSE,FALSE


0x627646279c8826691227f4a40e5a74a775fdd859,0x60606040523615610055576000357c0100000000000000000000000000000000000000000000000000000000900463ffffffff168063661172761461014857806382c90ac01461017e578063b76ea962146101b4575b6101465b600060009054906101000a900473ffffffffffffffffffffffffffffffffffffffff1673ffffffffffffffffffffffffffffffffffffffff163460405180905060006040518083038185876187965a03f1925050501561013d577f23919512b2162ddc59b67a65e3b03c419d4105366f7d4a632f5d3c3bee9b1cff600060009054906101000a900473ffffffffffffffffffffffffffffffffffffffff16604051808273ffffffffffffffffffffffffffffffffffffffff1673ffffffffffffffffffffffffffffffffffffffff16815260200191505060405180910390a1610143565b60006000fd5b5b565b005b341561015057fe5b61017c600480803573ffffffffffffffffffffffffffffffffffffffff16906020019091905050610225565b005b341561018657fe5b6101b2600480803573ffffffffffffffffffffffffffffffffffffffff169060200190919050506102c8565b005b610223600480803573ffffffffffffffffffffffffffffffffffffffff1690602001909190803590602001908201803590602001908080601f0160208091040260200160405190810160405280939291908181526020018383808284378201915050505050509190505061036b565b005b600160009054906101000a900473ffffffffffffffffffffffffffffffffffffffff1673ffffffffffffffffffffffffffffffffffffffff163373ffffffffffffffffffffffffffffffffffffffff161415156102825760006000fd5b80600160006101000a81548173ffffffffffffffffffffffffffffffffffffffff021916908373ffffffffffffffffffffffffffffffffffffffff1602179055505b5b50565b600160009054906101000a900473ffffffffffffffffffffffffffffffffffffffff1673ffffffffffffffffffffffffffffffffffffffff163373ffffffffffffffffffffffffffffffffffffffff161415156103255760006000fd5b80600060006101000a81548173ffffffffffffffffffffffffffffffffffffffff021916908373ffffffffffffffffffffffffffffffffffffffff1602179055505b5b50565b600160009054906101000a900473ffffffffffffffffffffffffffffffffffffffff1673ffffffffffffffffffffffffffffffffffffffff163373ffffffffffffffffffffffffffffffffffffffff161415156103c85760006000fd5b8173ffffffffffffffffffffffffffffffffffffffff1634826040518082805190602001908083836000831461041d575b80518252602083111561041d576020820191506020810190506020830392506103f9565b505050905090810190601f1680156104495780820380516001836020036101000a031916815260200191505b5091505060006040518083038185876187965a03f192505050151561046e5760006000fd5b5b5b50505600a165627a7a7230582015dd8a30edc4d2b88e51c1e252cdc5a08cd0159c2d5d7b063fdaad85d6e813e40029,"0x66117276,0x82c90ac0,0xb76ea962,0xffffffff",FALSE,FALSE


0x8b4ef0a881232ae4b4e98d14f067993f3cdea694,0x60606040523615610055576000357c0100000000000000000000000000000000000000000000000000000000900463ffffffff168063661172761461014857806382c90ac01461017e578063b76ea962146101b4575b6101465b600060009054906101000a900473ffffffffffffffffffffffffffffffffffffffff1673ffffffffffffffffffffffffffffffffffffffff163460405180905060006040518083038185876187965a03f1925050501561013d577f23919512b2162ddc59b67a65e3b03c419d4105366f7d4a632f5d3c3bee9b1cff600060009054906101000a900473ffffffffffffffffffffffffffffffffffffffff16604051808273ffffffffffffffffffffffffffffffffffffffff1673ffffffffffffffffffffffffffffffffffffffff16815260200191505060405180910390a1610143565b60006000fd5b5b565b005b341561015057fe5b61017c600480803573ffffffffffffffffffffffffffffffffffffffff16906020019091905050610225565b005b341561018657fe5b6101b2600480803573ffffffffffffffffffffffffffffffffffffffff169060200190919050506102c8565b005b610223600480803573ffffffffffffffffffffffffffffffffffffffff1690602001909190803590602001908201803590602001908080601f0160208091040260200160405190810160405280939291908181526020018383808284378201915050505050509190505061036b565b005b600160009054906101000a900473ffffffffffffffffffffffffffffffffffffffff1673ffffffffffffffffffffffffffffffffffffffff163373ffffffffffffffffffffffffffffffffffffffff161415156102825760006000fd5b80600160006101000a81548173ffffffffffffffffffffffffffffffffffffffff021916908373ffffffffffffffffffffffffffffffffffffffff1602179055505b5b50565b600160009054906101000a900473ffffffffffffffffffffffffffffffffffffffff1673ffffffffffffffffffffffffffffffffffffffff163373ffffffffffffffffffffffffffffffffffffffff161415156103255760006000fd5b80600060006101000a81548173ffffffffffffffffffffffffffffffffffffffff021916908373ffffffffffffffffffffffffffffffffffffffff1602179055505b5b50565b600160009054906101000a900473ffffffffffffffffffffffffffffffffffffffff1673ffffffffffffffffffffffffffffffffffffffff163373ffffffffffffffffffffffffffffffffffffffff161415156103c85760006000fd5b8173ffffffffffffffffffffffffffffffffffffffff1634826040518082805190602001908083836000831461041d575b80518252602083111561041d576020820191506020810190506020830392506103f9565b505050905090810190601f1680156104495780820380516001836020036101000a031916815260200191505b5091505060006040518083038185876187965a03f192505050151561046e5760006000fd5b5b5b50505600a165627a7a7230582015dd8a30edc4d2b88e51c1e252cdc5a08cd0159c2d5d7b063fdaad85d6e813e40029,"0x66117276,0x82c90ac0,0xb76ea962,0xffffffff",FALSE,FALSE
0x9dcd568b2c5bbc50dcb0429d963effcb22d177cf,0x60606040523615610055576000357c0100000000000000000000000000000000000000000000000000000000900463ffffffff168063661172761461014857806382c90ac01461017e578063b76ea962146101b4575b6101465b600060009054906101000a900473ffffffffffffffffffffffffffffffffffffffff1673ffffffffffffffffffffffffffffffffffffffff163460405180905060006040518083038185876187965a03f1925050501561013d577f23919512b2162ddc59b67a65e3b03c419d4105366f7d4a632f5d3c3bee9b1cff600060009054906101000a900473ffffffffffffffffffffffffffffffffffffffff16604051808273ffffffffffffffffffffffffffffffffffffffff1673ffffffffffffffffffffffffffffffffffffffff16815260200191505060405180910390a1610143565b60006000fd5b5b565b005b341561015057fe5b61017c600480803573ffffffffffffffffffffffffffffffffffffffff16906020019091905050610225565b005b341561018657fe5b6101b2600480803573ffffffffffffffffffffffffffffffffffffffff169060200190919050506102c8565b005b610223600480803573ffffffffffffffffffffffffffffffffffffffff1690602001909190803590602001908201803590602001908080601f0160208091040260200160405190810160405280939291908181526020018383808284378201915050505050509190505061036b565b005b600160009054906101000a900473ffffffffffffffffffffffffffffffffffffffff1673ffffffffffffffffffffffffffffffffffffffff163373ffffffffffffffffffffffffffffffffffffffff161415156102825760006000fd5b80600160006101000a81548173ffffffffffffffffffffffffffffffffffffffff021916908373ffffffffffffffffffffffffffffffffffffffff1602179055505b5b50565b600160009054906101000a900473ffffffffffffffffffffffffffffffffffffffff1673ffffffffffffffffffffffffffffffffffffffff163373ffffffffffffffffffffffffffffffffffffffff161415156103255760006000fd5b80600060006101000a81548173ffffffffffffffffffffffffffffffffffffffff021916908373ffffffffffffffffffffffffffffffffffffffff1602179055505b5b50565b600160009054906101000a900473ffffffffffffffffffffffffffffffffffffffff1673ffffffffffffffffffffffffffffffffffffffff163373ffffffffffffffffffffffffffffffffffffffff161415156103c85760006000fd5b8173ffffffffffffffffffffffffffffffffffffffff1634826040518082805190602001908083836000831461041d575b80518252602083111561041d576020820191506020810190506020830392506103f9565b505050905090810190601f1680156104495780820380516001836020036101000a031916815260200191505b5091505060006040518083038185876187965a03f192505050151561046e5760006000fd5b5b5b50505600a165627a7a7230582015dd8a30edc4d2b88e51c1e252cdc5a08cd0159c2d5d7b063fdaad85d6e813e40029,"0x66117276,0x82c90ac0,0xb76ea962,0xffffffff",FALSE,FALSE
0xde4ee5d3c8068766eea688d244f4d444eef0ab11,0x60606040523615610055576000357c0100000000000000000000000000000000000000000000000000000000900463ffffffff168063661172761461014857806382c90ac01461017e578063b76ea962146101b4575b6101465b600060009054906101000a900473ffffffffffffffffffffffffffffffffffffffff1673ffffffffffffffffffffffffffffffffffffffff163460405180905060006040518083038185876187965a03f1925050501561013d577f23919512b2162ddc59b67a65e3b03c419d4105366f7d4a632f5d3c3bee9b1cff600060009054906101000a900473ffffffffffffffffffffffffffffffffffffffff16604051808273ffffffffffffffffffffffffffffffffffffffff1673ffffffffffffffffffffffffffffffffffffffff16815260200191505060405180910390a1610143565b60006000fd5b5b565b005b341561015057fe5b61017c600480803573ffffffffffffffffffffffffffffffffffffffff16906020019091905050610225565b005b341561018657fe5b6101b2600480803573ffffffffffffffffffffffffffffffffffffffff169060200190919050506102c8565b005b610223600480803573ffffffffffffffffffffffffffffffffffffffff1690602001909190803590602001908201803590602001908080601f0160208091040260200160405190810160405280939291908181526020018383808284378201915050505050509190505061036b565b005b600160009054906101000a900473ffffffffffffffffffffffffffffffffffffffff1673ffffffffffffffffffffffffffffffffffffffff163373ffffffffffffffffffffffffffffffffffffffff161415156102825760006000fd5b80600160006101000a81548173ffffffffffffffffffffffffffffffffffffffff021916908373ffffffffffffffffffffffffffffffffffffffff1602179055505b5b50565b600160009054906101000a900473ffffffffffffffffffffffffffffffffffffffff1673ffffffffffffffffffffffffffffffffffffffff163373ffffffffffffffffffffffffffffffffffffffff161415156103255760006000fd5b80600060006101000a81548173ffffffffffffffffffffffffffffffffffffffff021916908373ffffffffffffffffffffffffffffffffffffffff1602179055505b5b50565b600160009054906101000a900473ffffffffffffffffffffffffffffffffffffffff1673ffffffffffffffffffffffffffffffffffffffff163373ffffffffffffffffffffffffffffffffffffffff161415156103c85760006000fd5b8173ffffffffffffffffffffffffffffffffffffffff1634826040518082805190602001908083836000831461041d575b80518252602083111561041d576020820191506020810190506020830392506103f9565b505050905090810190601f1680156104495780820380516001836020036101000a031916815260200191505b5091505060006040518083038185876187965a03f192505050151561046e5760006000fd5b5b5b50505600a165627a7a7230582015dd8a30edc4d2b88e51c1e252cdc5a08cd0159c2d5d7b063fdaad85d6e813e40029,"0x66117276,0x82c90ac0,0xb76ea962,0xffffffff",FALSE,FALSE
0x76bf227fa62bb97f1988ba7569013631dff4a641,0x6060604052361561003f576000357c0100000000000000000000000000000000000000000000000000000000900463ffffffff16806301681a621461007b575b341561004757fe5b6100795b610076600160009054906101000a900473ffffffffffffffffffffffffffffffffffffffff166100b1565b5b565b005b341561008357fe5b6100af600480803573ffffffffffffffffffffffffffffffffffffffff169060200190919050506100b1565b005b6000819050600060009054906101000a900473ffffffffffffffffffffffffffffffffffffffff1673ffffffffffffffffffffffffffffffffffffffff163373ffffffffffffffffffffffffffffffffffffffff161480156102a657508073ffffffffffffffffffffffffffffffffffffffff1663a9059cbb600060009054906101000a900473ffffffffffffffffffffffffffffffffffffffff168373ffffffffffffffffffffffffffffffffffffffff166370a08231306000604051602001526040518263ffffffff167c0100000000000000000000000000000000000000000000000000000000028152600401808273ffffffffffffffffffffffffffffffffffffffff1673ffffffffffffffffffffffffffffffffffffffff168152602001915050602060405180830381600087803b15156101ed57fe5b60325a03f115156101fa57fe5b505050604051805190506000604051602001526040518363ffffffff167c0100000000000000000000000000000000000000000000000000000000028152600401808373ffffffffffffffffffffffffffffffffffffffff1673ffffffffffffffffffffffffffffffffffffffff16815260200182815260200192505050602060405180830381600087803b151561028e57fe5b60325a03f1151561029b57fe5b505050604051805190505b15156102b157610000565b5b50505600a165627a7a723058208a5f2f98dcd067bbd1f20fbe450b9a42a94c233213f9650406456b87991642800029,"0x01681a62,0xffffffff",FALSE,FALSE
0xfb39f87cef99f1ea2d7c52b07c5e4cc3c6830d84,0x6060604052361561003f576000357c0100000000000000000000000000000000000000000000000000000000900463ffffffff16806301681a621461007b575b341561004757fe5b6100795b610076600160009054906101000a900473ffffffffffffffffffffffffffffffffffffffff166100b1565b5b565b005b341561008357fe5b6100af600480803573ffffffffffffffffffffffffffffffffffffffff169060200190919050506100b1565b005b6000819050600060009054906101000a900473ffffffffffffffffffffffffffffffffffffffff1673ffffffffffffffffffffffffffffffffffffffff163373ffffffffffffffffffffffffffffffffffffffff161480156102a657508073ffffffffffffffffffffffffffffffffffffffff1663a9059cbb600060009054906101000a900473ffffffffffffffffffffffffffffffffffffffff168373ffffffffffffffffffffffffffffffffffffffff166370a08231306000604051602001526040518263ffffffff167c0100000000000000000000000000000000000000000000000000000000028152600401808273ffffffffffffffffffffffffffffffffffffffff1673ffffffffffffffffffffffffffffffffffffffff168152602001915050602060405180830381600087803b15156101ed57fe5b60325a03f115156101fa57fe5b505050604051805190506000604051602001526040518363ffffffff167c0100000000000000000000000000000000000000000000000000000000028152600401808373ffffffffffffffffffffffffffffffffffffffff1673ffffffffffffffffffffffffffffffffffffffff16815260200182815260200192505050602060405180830381600087803b151561028e57fe5b60325a03f1151561029b57fe5b505050604051805190505b15156102b157610000565b5b50505600a165627a7a723058208a5f2f98dcd067bbd1f20fbe450b9a42a94c233213f9650406456b87991642800029,"0x01681a62,0xffffffff",FALSE,FALSE
