hash,nonce,block_hash,block_number,transaction_index,from_address,to_address,value,gas,gas_price,input,block_timestamp,max_fee_per_gas,max_priority_fee_per_gas,transaction_type
0x570ce19176bd0002b04a9179309129bbdaf0c4252ffeb76aedbb038cdf662850,0,0xe6fb31b12d06b5a70f420a28b4e034bcd152abc2d6031249f35876f80bf83e8b,46205,0,0x3f2f381491797cc5c0d48296c14fd0cd00cdfa2d,0x4bd5f0ee173c81d42765154865ee69361b6ad189,803989500000000000000,21000,500000000000,0x,1438919175,,,0
0xe17d4d0c4596ea7d5166ad5da600a6fdc49e26e0680135a2f7300eedfd0d8314,1,0x6235be352481368721cd978cee3c1e05ce31419b0e353ac7d67eb35c549b6a4e,46214,0,0xa1e4380a3b1f749673e270229993ee55f35663b4,0xc9d4035f4a9226d50f79b73aafb5d874a1b6537e,31337,21750,50000000000000,0x74796d3474406469676978,1438919394,,,0
0x2ec382949ba0b22443aa4cb38267b1fb5e68e188109ac11f7a82f67571a0adf3,0,0xeab8fe9da0b41b2c003db620bb9adbedd5fcc7222cc50d53431aa1df47a20dda,46217,0,0xc8ebccc5f5689fa8659d83713341e5ad19349448,0xc8ebccc5f5689fa8659d83713341e5ad19349448,0,21000,65334370444,0x,1438919451,,,0
0xe891897177614c91284b6929dc2ada5a87705c4729bda2d5eeae47ea2ca9d175,2,0xf5674f4a8c62bb27480155adfbaf272b8bc969509f5a9ce00600be802d00e1f2,46219,0,0xa1e4380a3b1f749673e270229993ee55f35663b4,0x5df9b87991262f6ba471f09758cde1c0fc1de734,31337,21800,50000000000000,0x74796d3474406469676978,1438919461,,,0
0x35d4f3dae18d72a0d4caf02359ca1844687ff879a2655bdec5c33c9b0f65f795,0,0x1e6f0d21ce2260371c95266b5cf4f698841c8c57b4a1dfb4feee2fd0cb3f2021,46220,0,0xf0cf0af5bd7d8a3a1cad12a30b097265d49f255d,0xb608771949021d2f2f1c9c5afb980ad8bcda3985,100000000000000000000,21000,64178193561,0x,1438919491,,,0
0x41738785c4330ce9531aed26b21b9cfba6f27b9183d11355f4d9522211c2a44e,0,0xc3389d535ebbaae818c492901ca40995a2c9b644af71f8d57d7a93e6a0871bcf,46230,0,0x1c68a66138783a63c98cc675a9ec77af4598d35e,0xc8ebccc5f5689fa8659d83713341e5ad19349448,50000000000000000000,21000,71288549894,0x,1438919571,,,0
0x80f31704782a53514ab0693499f78922169885a16fd4821d42a4a820d2452799,0,0x7ea3beb17acb66f15fa33ad71f41d1e2a5dd878fc489555e0f57267c4d2a7a03,46235,0,0xfd2605a2bf58fdbb90db1da55df61628b47f9e8c,0x073f70b5bfade6409e4951ef72bc8f4157677729,10000000000000000,21000,70563255618,0x,1438919655,,,0
0x3a1be2710cc4c46adaf85bdfd42fa80b0f2044b3d976ee57de845981ae5a2430,0,0xd6a6763acc2c642b5ba16904a168efc571a48a8e6d2075eacd44de06fb839d9c,46237,0,0xbbed46565f5aa9af9539f543067821fa4b565438,0xbf8d8b4ec992203984f7379b001e87e6943dd5e3,4406636741121,21000,70543826520,0x,1438919696,,,0
0xc0c1c720bc5b3583ad3a4075730b44c0c120a0fe660e51817f8c857bf37dbec0,0,0xbee4330cdd56d2bcc47fa42e52e3c089c649b209acc0ae5611f6c7bc7c0b350e,46239,0,0x8ce4949d8a16542d423c17984e6739fa72ceb177,0x15e34a8324164ef0890471f6f527451f7a22cf12,100000000000000000000,21000,1000000000000,0x,1438919756,,,0
